"filename", "language", "XML", "CSS", "TypeScript", "TypeScript JSX", "JSON with Comments", "Dotenv", "JSON", "Markdown", "HTML", "JavaScript", "comment", "blank", "total"
"/Users/omarragab/Projects/zalameh_dashboard_app/.env", "Dotenv", 0, 0, 0, 0, 0, 1, 0, 0, 0, 0, 1, 1, 3
"/Users/omarragab/Projects/zalameh_dashboard_app/.oxlintrc.json", "JSON", 0, 0, 0, 0, 0, 0, 8, 0, 0, 0, 0, 1, 9
"/Users/omarragab/Projects/zalameh_dashboard_app/README.md", "Markdown", 0, 0, 0, 0, 0, 0, 0, 23, 0, 0, 0, 10, 33
"/Users/omarragab/Projects/zalameh_dashboard_app/index.html", "HTML", 0, 0, 0, 0, 0, 0, 0, 0, 18, 0, 0, 1, 19
"/Users/omarragab/Projects/zalameh_dashboard_app/package-lock.json", "JSON", 0, 0, 0, 0, 0, 0, 2074, 0, 0, 0, 0, 1, 2075
"/Users/omarragab/Projects/zalameh_dashboard_app/package.json", "JSON", 0, 0, 0, 0, 0, 0, 33, 0, 0, 0, 0, 1, 34
"/Users/omarragab/Projects/zalameh_dashboard_app/public/favicon.svg", "XML", 1, 0, 0, 0, 0, 0, 0, 0, 0, 0, 0, 0, 1
"/Users/omarragab/Projects/zalameh_dashboard_app/public/icons.svg", "XML", 24, 0, 0, 0, 0, 0, 0, 0, 0, 0, 0, 1, 25
"/Users/omarragab/Projects/zalameh_dashboard_app/public/snapchat.svg", "XML", 1283, 0, 0, 0, 0, 0, 0, 0, 0, 0, 0, 1, 1284
"/Users/omarragab/Projects/zalameh_dashboard_app/src/App.css", "CSS", 0, 1, 0, 0, 0, 0, 0, 0, 0, 0, 0, 1, 2
"/Users/omarragab/Projects/zalameh_dashboard_app/src/App.tsx", "TypeScript JSX", 0, 0, 0, 23, 0, 0, 0, 0, 0, 0, 2, 5, 30
"/Users/omarragab/Projects/zalameh_dashboard_app/src/assets/react.svg", "XML", 1, 0, 0, 0, 0, 0, 0, 0, 0, 0, 0, 0, 1
"/Users/omarragab/Projects/zalameh_dashboard_app/src/assets/vite.svg", "XML", 1, 0, 0, 0, 0, 0, 0, 0, 0, 0, 0, 1, 2
"/Users/omarragab/Projects/zalameh_dashboard_app/src/core/auth/AuthContext.tsx", "TypeScript JSX", 0, 0, 0, 65, 0, 0, 0, 0, 0, 0, 1, 10, 76
"/Users/omarragab/Projects/zalameh_dashboard_app/src/core/auth/authService.ts", "TypeScript", 0, 0, 95, 0, 0, 0, 0, 0, 0, 0, 6, 20, 121
"/Users/omarragab/Projects/zalameh_dashboard_app/src/core/types/auth.types.ts", "TypeScript", 0, 0, 25, 0, 0, 0, 0, 0, 0, 0, 0, 4, 29
"/Users/omarragab/Projects/zalameh_dashboard_app/src/core/utils/securityUtils.ts", "TypeScript", 0, 0, 100, 0, 0, 0, 0, 0, 0, 0, 8, 18, 126
"/Users/omarragab/Projects/zalameh_dashboard_app/src/core/utils/terminalLogger.ts", "TypeScript", 0, 0, 15, 0, 0, 0, 0, 0, 0, 0, 2, 3, 20
"/Users/omarragab/Projects/zalameh_dashboard_app/src/features/ads/components/AdDetailModal.tsx", "TypeScript JSX", 0, 0, 0, 109, 0, 0, 0, 0, 0, 0, 6, 10, 125
"/Users/omarragab/Projects/zalameh_dashboard_app/src/features/ads/components/AdForm.tsx", "TypeScript JSX", 0, 0, 0, 447, 0, 0, 0, 0, 0, 0, 29, 34, 510
"/Users/omarragab/Projects/zalameh_dashboard_app/src/features/ads/components/AdsFilterBar.tsx", "TypeScript JSX", 0, 0, 0, 92, 0, 0, 0, 0, 0, 0, 4, 6, 102
"/Users/omarragab/Projects/zalameh_dashboard_app/src/features/ads/components/AdsStatsOverview.tsx", "TypeScript JSX", 0, 0, 0, 79, 0, 0, 0, 0, 0, 0, 8, 10, 97
"/Users/omarragab/Projects/zalameh_dashboard_app/src/features/ads/components/AdsTable.tsx", "TypeScript JSX", 0, 0, 0, 229, 0, 0, 0, 0, 0, 0, 12, 19, 260
"/Users/omarragab/Projects/zalameh_dashboard_app/src/features/ads/components/DeleteAdModal.tsx", "TypeScript JSX", 0, 0, 0, 39, 0, 0, 0, 0, 0, 0, 0, 5, 44
"/Users/omarragab/Projects/zalameh_dashboard_app/src/features/ads/data/mockAds.ts", "TypeScript", 0, 0, 257, 0, 0, 0, 0, 0, 0, 0, 0, 3, 260
"/Users/omarragab/Projects/zalameh_dashboard_app/src/features/ads/pages/AdsPage.tsx", "TypeScript JSX", 0, 0, 0, 155, 0, 0, 0, 0, 0, 0, 22, 19, 196
"/Users/omarragab/Projects/zalameh_dashboard_app/src/features/ads/types/ad.types.ts", "TypeScript", 0, 0, 34, 0, 0, 0, 0, 0, 0, 0, 0, 6, 40
"/Users/omarragab/Projects/zalameh_dashboard_app/src/features/auth/components/LoginForm.tsx", "TypeScript JSX", 0, 0, 0, 102, 0, 0, 0, 0, 0, 0, 4, 10, 116
"/Users/omarragab/Projects/zalameh_dashboard_app/src/features/auth/components/LoginHeader.tsx", "TypeScript JSX", 0, 0, 0, 37, 0, 0, 0, 0, 0, 0, 2, 3, 42
"/Users/omarragab/Projects/zalameh_dashboard_app/src/features/auth/pages/LoginPage.tsx", "TypeScript JSX", 0, 0, 0, 18, 0, 0, 0, 0, 0, 0, 3, 4, 25
"/Users/omarragab/Projects/zalameh_dashboard_app/src/features/categories/components/AddCategoryModal.tsx", "TypeScript JSX", 0, 0, 0, 437, 0, 0, 0, 0, 0, 0, 14, 39, 490
"/Users/omarragab/Projects/zalameh_dashboard_app/src/features/categories/components/AddSubCategoryModal.tsx", "TypeScript JSX", 0, 0, 0, 276, 0, 0, 0, 0, 0, 0, 9, 21, 306
"/Users/omarragab/Projects/zalameh_dashboard_app/src/features/categories/components/CategoryDetailModal.tsx", "TypeScript JSX", 0, 0, 0, 142, 0, 0, 0, 0, 0, 0, 4, 9, 155
"/Users/omarragab/Projects/zalameh_dashboard_app/src/features/categories/components/CategoryFilterBar.tsx", "TypeScript JSX", 0, 0, 0, 62, 0, 0, 0, 0, 0, 0, 4, 5, 71
"/Users/omarragab/Projects/zalameh_dashboard_app/src/features/categories/components/CategoryStatsHeader.tsx", "TypeScript JSX", 0, 0, 0, 55, 0, 0, 0, 0, 0, 0, 6, 5, 66
"/Users/omarragab/Projects/zalameh_dashboard_app/src/features/categories/components/CategoryTable.tsx", "TypeScript JSX", 0, 0, 0, 448, 0, 0, 0, 0, 0, 0, 25, 44, 517
"/Users/omarragab/Projects/zalameh_dashboard_app/src/features/categories/components/DeleteConfirmModal.tsx", "TypeScript JSX", 0, 0, 0, 64, 0, 0, 0, 0, 0, 0, 4, 6, 74
"/Users/omarragab/Projects/zalameh_dashboard_app/src/features/categories/components/ImageCropModal.tsx", "TypeScript JSX", 0, 0, 0, 277, 0, 0, 0, 0, 0, 0, 7, 29, 313
"/Users/omarragab/Projects/zalameh_dashboard_app/src/features/categories/components/SubCategoryDetailModal.tsx", "TypeScript JSX", 0, 0, 0, 136, 0, 0, 0, 0, 0, 0, 11, 13, 160
"/Users/omarragab/Projects/zalameh_dashboard_app/src/features/categories/data/api/categoryApiService.ts", "TypeScript", 0, 0, 776, 0, 0, 0, 0, 0, 0, 0, 3, 98, 877
"/Users/omarragab/Projects/zalameh_dashboard_app/src/features/categories/data/mockCategories.ts", "TypeScript", 0, 0, 2, 0, 0, 0, 0, 0, 0, 0, 1, 2, 5
"/Users/omarragab/Projects/zalameh_dashboard_app/src/features/categories/data/repositories/categoryRepositoryImpl.ts", "TypeScript", 0, 0, 80, 0, 0, 0, 0, 0, 0, 0, 0, 15, 95
"/Users/omarragab/Projects/zalameh_dashboard_app/src/features/categories/domain/entities/category.entity.ts", "TypeScript", 0, 0, 80, 0, 0, 0, 0, 0, 0, 0, 0, 10, 90
"/Users/omarragab/Projects/zalameh_dashboard_app/src/features/categories/domain/repositories/category.repository.ts", "TypeScript", 0, 0, 73, 0, 0, 0, 0, 0, 0, 0, 0, 13, 86
"/Users/omarragab/Projects/zalameh_dashboard_app/src/features/categories/pages/CategoriesPage.tsx", "TypeScript JSX", 0, 0, 0, 366, 0, 0, 0, 0, 0, 0, 28, 33, 427
"/Users/omarragab/Projects/zalameh_dashboard_app/src/features/categories/presentation/hooks/useCategories.ts", "TypeScript", 0, 0, 250, 0, 0, 0, 0, 0, 0, 0, 4, 26, 280
"/Users/omarragab/Projects/zalameh_dashboard_app/src/features/categories/types/category.types.ts", "TypeScript", 0, 0, 1, 0, 0, 0, 0, 0, 0, 0, 0, 1, 2
"/Users/omarragab/Projects/zalameh_dashboard_app/src/features/content/components/EditPageForm.tsx", "TypeScript JSX", 0, 0, 0, 224, 0, 0, 0, 0, 0, 0, 16, 23, 263
"/Users/omarragab/Projects/zalameh_dashboard_app/src/features/content/components/StaticPagesList.tsx", "TypeScript JSX", 0, 0, 0, 99, 0, 0, 0, 0, 0, 0, 7, 7, 113
"/Users/omarragab/Projects/zalameh_dashboard_app/src/features/content/components/ViewPageDetails.tsx", "TypeScript JSX", 0, 0, 0, 104, 0, 0, 0, 0, 0, 0, 10, 10, 124
"/Users/omarragab/Projects/zalameh_dashboard_app/src/features/content/data/mockContent.ts", "TypeScript", 0, 0, 89, 0, 0, 0, 0, 0, 0, 0, 0, 14, 103
"/Users/omarragab/Projects/zalameh_dashboard_app/src/features/content/pages/ContentManagementPage.tsx", "TypeScript JSX", 0, 0, 0, 54, 0, 0, 0, 0, 0, 0, 6, 9, 69
"/Users/omarragab/Projects/zalameh_dashboard_app/src/features/content/types/content.types.ts", "TypeScript", 0, 0, 11, 0, 0, 0, 0, 0, 0, 0, 0, 2, 13
"/Users/omarragab/Projects/zalameh_dashboard_app/src/features/dashboard/components/DashboardHeader.tsx", "TypeScript JSX", 0, 0, 0, 148, 0, 0, 0, 0, 0, 0, 12, 13, 173
"/Users/omarragab/Projects/zalameh_dashboard_app/src/features/dashboard/components/DashboardSidebar.tsx", "TypeScript JSX", 0, 0, 0, 244, 0, 0, 0, 0, 0, 0, 6, 15, 265
"/Users/omarragab/Projects/zalameh_dashboard_app/src/features/dashboard/components/GrowthCharts.tsx", "TypeScript JSX", 0, 0, 0, 90, 0, 0, 0, 0, 0, 0, 12, 11, 113
"/Users/omarragab/Projects/zalameh_dashboard_app/src/features/dashboard/components/QuickActions.tsx", "TypeScript JSX", 0, 0, 0, 66, 0, 0, 0, 0, 0, 0, 0, 4, 70
"/Users/omarragab/Projects/zalameh_dashboard_app/src/features/dashboard/components/RecentActivities.tsx", "TypeScript JSX", 0, 0, 0, 65, 0, 0, 0, 0, 0, 0, 2, 4, 71
"/Users/omarragab/Projects/zalameh_dashboard_app/src/features/dashboard/components/StatsOverview.tsx", "TypeScript JSX", 0, 0, 0, 87, 0, 0, 0, 0, 0, 0, 2, 4, 93
"/Users/omarragab/Projects/zalameh_dashboard_app/src/features/dashboard/components/SystemStatus.tsx", "TypeScript JSX", 0, 0, 0, 31, 0, 0, 0, 0, 0, 0, 0, 4, 35
"/Users/omarragab/Projects/zalameh_dashboard_app/src/features/dashboard/pages/DashboardPage.tsx", "TypeScript JSX", 0, 0, 0, 141, 0, 0, 0, 0, 0, 0, 11, 14, 166
"/Users/omarragab/Projects/zalameh_dashboard_app/src/features/finance/components/FinanceInvoicesTab.tsx", "TypeScript JSX", 0, 0, 0, 225, 0, 0, 0, 0, 0, 0, 6, 8, 239
"/Users/omarragab/Projects/zalameh_dashboard_app/src/features/finance/components/FinanceOverviewTab.tsx", "TypeScript JSX", 0, 0, 0, 446, 0, 0, 0, 0, 0, 0, 18, 24, 488
"/Users/omarragab/Projects/zalameh_dashboard_app/src/features/finance/components/FinancePaymentsTab.tsx", "TypeScript JSX", 0, 0, 0, 352, 0, 0, 0, 0, 0, 0, 20, 23, 395
"/Users/omarragab/Projects/zalameh_dashboard_app/src/features/finance/components/FinanceRenewalsTab.tsx", "TypeScript JSX", 0, 0, 0, 366, 0, 0, 0, 0, 0, 0, 24, 27, 417
"/Users/omarragab/Projects/zalameh_dashboard_app/src/features/finance/components/FinanceReportsTab.tsx", "TypeScript JSX", 0, 0, 0, 426, 0, 0, 0, 0, 0, 0, 35, 29, 490
"/Users/omarragab/Projects/zalameh_dashboard_app/src/features/finance/components/FinanceSubscriptionsTab.tsx", "TypeScript JSX", 0, 0, 0, 868, 0, 0, 0, 0, 0, 0, 37, 63, 968
"/Users/omarragab/Projects/zalameh_dashboard_app/src/features/finance/components/FinanceTabs.tsx", "TypeScript JSX", 0, 0, 0, 36, 0, 0, 0, 0, 0, 0, 1, 4, 41
"/Users/omarragab/Projects/zalameh_dashboard_app/src/features/finance/pages/FinancePage.tsx", "TypeScript JSX", 0, 0, 0, 60, 0, 0, 0, 0, 0, 0, 1, 4, 65
"/Users/omarragab/Projects/zalameh_dashboard_app/src/features/packages/components/AddEditPackageModal.tsx", "TypeScript JSX", 0, 0, 0, 516, 0, 0, 0, 0, 0, 0, 23, 50, 589
"/Users/omarragab/Projects/zalameh_dashboard_app/src/features/packages/components/PackageDetailsModal.tsx", "TypeScript JSX", 0, 0, 0, 148, 0, 0, 0, 0, 0, 0, 8, 14, 170
"/Users/omarragab/Projects/zalameh_dashboard_app/src/features/packages/components/PackageFilterBar.tsx", "TypeScript JSX", 0, 0, 0, 63, 0, 0, 0, 0, 0, 0, 4, 5, 72
"/Users/omarragab/Projects/zalameh_dashboard_app/src/features/packages/components/PackageStatsHeader.tsx", "TypeScript JSX", 0, 0, 0, 49, 0, 0, 0, 0, 0, 0, 3, 5, 57
"/Users/omarragab/Projects/zalameh_dashboard_app/src/features/packages/components/PackagesTable.tsx", "TypeScript JSX", 0, 0, 0, 137, 0, 0, 0, 0, 0, 0, 9, 13, 159
"/Users/omarragab/Projects/zalameh_dashboard_app/src/features/packages/data/mockPackages.ts", "TypeScript", 0, 0, 110, 0, 0, 0, 0, 0, 0, 0, 0, 2, 112
"/Users/omarragab/Projects/zalameh_dashboard_app/src/features/packages/pages/PackagesPage.tsx", "TypeScript JSX", 0, 0, 0, 112, 0, 0, 0, 0, 0, 0, 12, 13, 137
"/Users/omarragab/Projects/zalameh_dashboard_app/src/features/packages/types/package.types.ts", "TypeScript", 0, 0, 30, 0, 0, 0, 0, 0, 0, 0, 0, 5, 35
"/Users/omarragab/Projects/zalameh_dashboard_app/src/features/partners/components/AddEditBranchModal.tsx", "TypeScript JSX", 0, 0, 0, 227, 0, 0, 0, 0, 0, 0, 8, 14, 249
"/Users/omarragab/Projects/zalameh_dashboard_app/src/features/partners/components/AddEditBrandModal.tsx", "TypeScript JSX", 0, 0, 0, 423, 0, 0, 0, 0, 0, 0, 7, 19, 449
"/Users/omarragab/Projects/zalameh_dashboard_app/src/features/partners/components/AddEditJobModal.tsx", "TypeScript JSX", 0, 0, 0, 616, 0, 0, 0, 0, 0, 0, 26, 58, 700
"/Users/omarragab/Projects/zalameh_dashboard_app/src/features/partners/components/AddEditMenuItemModal.tsx", "TypeScript JSX", 0, 0, 0, 257, 0, 0, 0, 0, 0, 0, 13, 19, 289
"/Users/omarragab/Projects/zalameh_dashboard_app/src/features/partners/components/AddEditOfferModal.tsx", "TypeScript JSX", 0, 0, 0, 371, 0, 0, 0, 0, 0, 0, 10, 19, 400
"/Users/omarragab/Projects/zalameh_dashboard_app/src/features/partners/components/AddEditPartnerModal.tsx", "TypeScript JSX", 0, 0, 0, 576, 0, 0, 0, 0, 0, 0, 21, 34, 631
"/Users/omarragab/Projects/zalameh_dashboard_app/src/features/partners/components/AddEditPromoCodeModal.tsx", "TypeScript JSX", 0, 0, 0, 341, 0, 0, 0, 0, 0, 0, 13, 27, 381
"/Users/omarragab/Projects/zalameh_dashboard_app/src/features/partners/components/BrandDetailView.tsx", "TypeScript JSX", 0, 0, 0, 1081, 0, 0, 0, 0, 0, 0, 21, 40, 1142
"/Users/omarragab/Projects/zalameh_dashboard_app/src/features/partners/components/BrandExtraInfoView.tsx", "TypeScript JSX", 0, 0, 0, 407, 0, 0, 0, 0, 0, 0, 25, 34, 466
"/Users/omarragab/Projects/zalameh_dashboard_app/src/features/partners/components/DeletePartnerModal.tsx", "TypeScript JSX", 0, 0, 0, 46, 0, 0, 0, 0, 0, 0, 0, 5, 51
"/Users/omarragab/Projects/zalameh_dashboard_app/src/features/partners/components/PartnerBrandsView.tsx", "TypeScript JSX", 0, 0, 0, 238, 0, 0, 0, 0, 0, 0, 10, 15, 263
"/Users/omarragab/Projects/zalameh_dashboard_app/src/features/partners/components/PartnerFilterBar.tsx", "TypeScript JSX", 0, 0, 0, 61, 0, 0, 0, 0, 0, 0, 3, 5, 69
"/Users/omarragab/Projects/zalameh_dashboard_app/src/features/partners/components/PartnerSocialLinks.tsx", "TypeScript JSX", 0, 0, 0, 221, 0, 0, 0, 0, 0, 0, 3, 14, 238
"/Users/omarragab/Projects/zalameh_dashboard_app/src/features/partners/components/PartnerStatsHeader.tsx", "TypeScript JSX", 0, 0, 0, 62, 0, 0, 0, 0, 0, 0, 4, 6, 72
"/Users/omarragab/Projects/zalameh_dashboard_app/src/features/partners/components/PartnersTable.tsx", "TypeScript JSX", 0, 0, 0, 191, 0, 0, 0, 0, 0, 0, 9, 13, 213
"/Users/omarragab/Projects/zalameh_dashboard_app/src/features/partners/components/SuspendPartnerModal.tsx", "TypeScript JSX", 0, 0, 0, 50, 0, 0, 0, 0, 0, 0, 0, 6, 56
"/Users/omarragab/Projects/zalameh_dashboard_app/src/features/partners/data/api/partnerApiService.ts", "TypeScript", 0, 0, 297, 0, 0, 0, 0, 0, 0, 0, 0, 47, 344
"/Users/omarragab/Projects/zalameh_dashboard_app/src/features/partners/data/mockPartners.ts", "TypeScript", 0, 0, 6, 0, 0, 0, 0, 0, 0, 0, 0, 2, 8
"/Users/omarragab/Projects/zalameh_dashboard_app/src/features/partners/data/repositories/partnerRepositoryImpl.ts", "TypeScript", 0, 0, 66, 0, 0, 0, 0, 0, 0, 0, 0, 12, 78
"/Users/omarragab/Projects/zalameh_dashboard_app/src/features/partners/domain/entities/partner.entity.ts", "TypeScript", 0, 0, 215, 0, 0, 0, 0, 0, 0, 0, 0, 27, 242
"/Users/omarragab/Projects/zalameh_dashboard_app/src/features/partners/domain/repositories/partner.repository.ts", "TypeScript", 0, 0, 48, 0, 0, 0, 0, 0, 0, 0, 0, 9, 57
"/Users/omarragab/Projects/zalameh_dashboard_app/src/features/partners/pages/PartnersPage.tsx", "TypeScript JSX", 0, 0, 0, 881, 0, 0, 0, 0, 0, 0, 39, 104, 1024
"/Users/omarragab/Projects/zalameh_dashboard_app/src/features/partners/presentation/hooks/usePartners.ts", "TypeScript", 0, 0, 131, 0, 0, 0, 0, 0, 0, 0, 4, 20, 155
"/Users/omarragab/Projects/zalameh_dashboard_app/src/features/partners/types/partner.types.ts", "TypeScript", 0, 0, 1, 0, 0, 0, 0, 0, 0, 0, 0, 1, 2
"/Users/omarragab/Projects/zalameh_dashboard_app/src/features/profile/components/ChangePasswordForm.tsx", "TypeScript JSX", 0, 0, 0, 97, 0, 0, 0, 0, 0, 0, 4, 12, 113
"/Users/omarragab/Projects/zalameh_dashboard_app/src/features/profile/components/PersonalInfoForm.tsx", "TypeScript JSX", 0, 0, 0, 112, 0, 0, 0, 0, 0, 0, 7, 14, 133
"/Users/omarragab/Projects/zalameh_dashboard_app/src/features/profile/components/ProfileHeroCard.tsx", "TypeScript JSX", 0, 0, 0, 49, 0, 0, 0, 0, 0, 0, 2, 5, 56
"/Users/omarragab/Projects/zalameh_dashboard_app/src/features/profile/pages/ProfilePage.tsx", "TypeScript JSX", 0, 0, 0, 13, 0, 0, 0, 0, 0, 0, 3, 4, 20
"/Users/omarragab/Projects/zalameh_dashboard_app/src/features/settings/pages/SettingsPage.tsx", "TypeScript JSX", 0, 0, 0, 107, 0, 0, 0, 0, 0, 0, 4, 5, 116
"/Users/omarragab/Projects/zalameh_dashboard_app/src/index.css", "CSS", 0, 6, 0, 0, 0, 0, 0, 0, 0, 0, 0, 2, 8
"/Users/omarragab/Projects/zalameh_dashboard_app/src/main.tsx", "TypeScript JSX", 0, 0, 0, 9, 0, 0, 0, 0, 0, 0, 0, 3, 12
"/Users/omarragab/Projects/zalameh_dashboard_app/tests/categories.integration.test.mjs", "JavaScript", 0, 0, 0, 0, 0, 0, 0, 0, 0, 703, 0, 77, 780
"/Users/omarragab/Projects/zalameh_dashboard_app/tsconfig.app.json", "JSON", 0, 0, 0, 0, 0, 0, 24, 0, 0, 0, 0, 3, 27
"/Users/omarragab/Projects/zalameh_dashboard_app/tsconfig.json", "JSON with Comments", 0, 0, 0, 0, 7, 0, 0, 0, 0, 0, 0, 1, 8
"/Users/omarragab/Projects/zalameh_dashboard_app/tsconfig.node.json", "JSON", 0, 0, 0, 0, 0, 0, 21, 0, 0, 0, 0, 3, 24
"/Users/omarragab/Projects/zalameh_dashboard_app/vercel.json", "JSON", 0, 0, 0, 0, 0, 0, 16, 0, 0, 0, 0, 1, 17
"/Users/omarragab/Projects/zalameh_dashboard_app/vite.config.ts", "TypeScript", 0, 0, 15, 0, 0, 0, 0, 0, 0, 0, 1, 3, 19
"Total", "-", 1310, 7, 2807, 15251, 7, 1, 2176, 23, 18, 703, 752, 1683, 24738